<?xml version="1.0" encoding="UTF-8"?>

<mule xmlns="http://www.mulesoft.org/schema/mule/core" xmlns:doc="http://www.mulesoft.org/schema/mule/documentation"
	xmlns:spring="http://www.springframework.org/schema/beans" 
	xmlns:xsi="http://www.w3.org/2001/XMLSchema-instance"
	xsi:schemaLocation="http://www.springframework.org/schema/beans http://www.springframework.org/schema/beans/spring-beans-current.xsd
http://www.mulesoft.org/schema/mule/core http://www.mulesoft.org/schema/mule/core/current/mule.xsd">
    <flow name="auditingFlow">
        <expression-component doc:name="Expression"><![CDATA[flowVars.fvuniqueid=message.inboundProperties.uniqueid;
flowVars.fvAppName=message.inboundProperties.AppName;;
flowVars.fvRequest=message.inboundProperties.'http.query.params.'destination;
flowVars.fvReqTime=server.dateTime;]]></expression-component>
        <flow-ref name="auditFlow" doc:name="auditFlow"/>
        <expression-component doc:name="Expression"><![CDATA[flowVars.fvRes=payload;
flowVars.fvResTime=server.dateTime;]]></expression-component>
        <async doc:name="Async">
            <flow-ref name="auditFlow" doc:name="auditFlow"/>
        </async>
        <logger level="INFO" doc:name="Logger" message="audit response................"/>
    </flow>
</mule>
